{
  "timestamp": "2026-05-01",
  "checkpoint": "runs/opf_hard_79",
  "dev": {
    "examples": 10034,
    "tokens": 445672,
    "loss": 0.03326987232870152,
    "token_accuracy": 0.9894361772783572,
    "elapsed_s": 234.18141674110666,
    "detection": {
      "precision": 0.9631396094856493,
      "recall": 0.9817383149893885,
      "f1": 0.9723500333021698,
      "f2": 0.9779613309241982,
      "span_precision": 0.9436835203263879,
      "span_recall": 0.9782131780013616,
      "span_f1": 0.9606381615090991,
      "span_f2": 0.9711065630261176
    },
    "per_class_span_f1_weak_below_080": {
      "GENDER": {
        "precision": 0.5128205128205128,
        "recall": 0.4,
        "f1": 0.449438202247191,
        "f2": 0.41841004184100417
      },
      "LATITUDE": {
        "precision": 0.8571428571428571,
        "recall": 0.7272727272727273,
        "f1": 0.7868852459016394,
        "f2": 0.7500000000000001
      },
      "LONGITUDE": {
        "precision": 1.0,
        "recall": 0.08695652173913043,
        "f1": 0.16,
        "f2": 0.10638297872340424
      },
      "SALARY_WAGE_EXPECTATION": {
        "precision": 0.4878048780487805,
        "recall": 1.0,
        "f1": 0.6557377049180327,
        "f2": 0.8264462809917356
      }
    }
  },
  "test": {
    "examples": 9659,
    "tokens": 438084,
    "loss": 0.030636585868358965,
    "token_accuracy": 0.9914582591466476,
    "elapsed_s": 229.0170000179205,
    "detection": {
      "precision": 0.9745172159756524,
      "recall": 0.9841806117968483,
      "f1": 0.9793250763097051,
      "f2": 0.9822326312893637,
      "span_precision": 0.9675189534710866,
      "span_recall": 0.9774707119255032,
      "span_f1": 0.9724693730523911,
      "span_f2": 0.9754640158846183
    },
    "per_class_span_f1_weak_below_080": {
      "GENDER": {
        "precision": 0.5909090909090909,
        "recall": 0.26,
        "f1": 0.36111111111111116,
        "f2": 0.29279279279279274
      },
      "LATITUDE": {
        "precision": 0.6071428571428571,
        "recall": 0.4473684210526316,
        "f1": 0.5151515151515151,
        "f2": 0.47222222222222227
      },
      "LONGITUDE": {
        "precision": 0.8571428571428571,
        "recall": 0.1875,
        "f1": 0.30769230769230765,
        "f2": 0.22222222222222224
      },
      "SALARY_WAGE_EXPECTATION": {
        "precision": 0.5354330708661418,
        "recall": 0.9857142857142858,
        "f1": 0.693928861938919,
        "f2": 0.8437938351976406
      }
    }
  }
}