{
  "task": "A_opf_only_eval",
  "checkpoint": "runs/opf_hard_79",
  "test_examples": 9659,
  "test_tokens": 438084,
  "loss": 0.030636585868358965,
  "token_accuracy": 0.9914582591466476,
  "detection": {
    "precision": 0.9745172159756524,
    "recall": 0.9841806117968483,
    "f1": 0.9793250763097051,
    "f2": 0.9822326312893637,
    "span_precision": 0.9675189534710866,
    "span_recall": 0.9774707119255032,
    "span_f1": 0.9724693730523911,
    "span_f2": 0.9754640158846183
  },
  "per_label_span_f1": {
    "ABORIGINALITY": {
      "precision": 0.9690721649484536,
      "recall": 1.0,
      "f1": 0.9842931937172774,
      "f2": 0.9936575052854121
    },
    "ADDRESS": {
      "precision": 0.9990512333965844,
      "recall": 0.9503610108303249,
      "f1": 0.9740980573543015,
      "f2": 0.9597156398104264
    },
    "AUDIO_INFORMATION": {
      "precision": 0.9827586206896551,
      "recall": 1.0,
      "f1": 0.9913043478260869,
      "f2": 0.9965034965034965
    },
    "AU_TFN": {
      "precision": 1.0,
      "recall": 1.0,
      "f1": 1.0,
      "f2": 1.0
    },
    "BANK_ACCOUNT_INFORMATION": {
      "precision": 1.0,
      "recall": 1.0,
      "f1": 1.0,
      "f2": 1.0
    },
    "BANK_ACCOUNT_NUMBER": {
      "precision": 1.0,
      "recall": 1.0,
      "f1": 1.0,
      "f2": 1.0
    },
    "CAMERA_FOOTAGE_AUDIO": {
      "precision": 1.0,
      "recall": 0.9824561403508771,
      "f1": 0.9911504424778761,
      "f2": 0.9859154929577464
    },
    "CARING_RESPONSIBILITIES": {
      "precision": 0.9868421052631579,
      "recall": 1.0,
      "f1": 0.9933774834437086,
      "f2": 0.9973404255319148
    },
    "CENTRELINK_REFERENCE_NUMBER": {
      "precision": 1.0,
      "recall": 1.0,
      "f1": 1.0,
      "f2": 1.0
    },
    "CITIZENSHIP_STATUS": {
      "precision": 0.9885057471264368,
      "recall": 1.0,
      "f1": 0.9942196531791908,
      "f2": 0.9976798143851509
    },
    "CONTRACT_TYPE": {
      "precision": 0.8897058823529411,
      "recall": 0.9763779527559056,
      "f1": 0.9310291334429586,
      "f2": 0.9577184292498596
    },
    "COOKIE_INFORMATION": {
      "precision": 0.9782608695652174,
      "recall": 0.9891304347826086,
      "f1": 0.9836656257506605,
      "f2": 0.9869372409139109
    },
    "COUNSELLING_RECORDS": {
      "precision": 0.9924812030075187,
      "recall": 1.0,
      "f1": 0.9962264150943396,
      "f2": 0.9984871406959153
    },
    "CREDIT_CARD_EXPIRY": {
      "precision": 0.7582938388625592,
      "recall": 0.9876543209876543,
      "f1": 0.8579088471849866,
      "f2": 0.9313154831199066
    },
    "CRIMINAL_RECORDS": {
      "precision": 1.0,
      "recall": 1.0,
      "f1": 1.0,
      "f2": 1.0
    },
    "DATE_OF_BIRTH": {
      "precision": 0.9545875810936052,
      "recall": 0.9724334600760456,
      "f1": 0.9634278864594443,
      "f2": 0.968811102936214
    },
    "DEVICE_ID": {
      "precision": 0.989247311827957,
      "recall": 1.0,
      "f1": 0.9945945945945946,
      "f2": 0.9978308026030369
    },
    "DISABILITY_OR_SPECIFIC_CONDITION": {
      "precision": 0.9921259842519685,
      "recall": 0.9473684210526315,
      "f1": 0.9692307692307692,
      "f2": 0.9559939301972684
    },
    "DRIVERS_LICENCE": {
      "precision": 1.0,
      "recall": 0.9959016393442623,
      "f1": 0.997946611909651,
      "f2": 0.9967186218211649
    },
    "EMAIL_ADDRESS": {
      "precision": 0.8778195488721805,
      "recall": 0.9211045364891519,
      "f1": 0.8989412897016362,
      "f2": 0.9121093749999999
    },
    "EMPLOYEE_NUMBER": {
      "precision": 0.9609375,
      "recall": 1.0,
      "f1": 0.9800796812749004,
      "f2": 0.9919354838709677
    },
    "EMPLOYMENT_INFORMATION": {
      "precision": 1.0,
      "recall": 0.9921259842519685,
      "f1": 0.9960474308300395,
      "f2": 0.9936908517350158
    },
    "FACIAL_RECOGNITION": {
      "precision": 1.0,
      "recall": 1.0,
      "f1": 1.0,
      "f2": 1.0
    },
    "FINGERPRINT": {
      "precision": 1.0,
      "recall": 1.0,
      "f1": 1.0,
      "f2": 1.0
    },
    "FIRST_NAME": {
      "precision": 1.0,
      "recall": 1.0,
      "f1": 1.0,
      "f2": 1.0
    },
    "GENDER": {
      "precision": 0.5909090909090909,
      "recall": 0.26,
      "f1": 0.36111111111111116,
      "f2": 0.29279279279279274
    },
    "GEOLOCATION_INFORMATION": {
      "precision": 0.811965811965812,
      "recall": 0.9285714285714286,
      "f1": 0.8663626797614872,
      "f2": 0.9026458120157871
    },
    "HASHED_PAYMENT_CARD_NUMBER": {
      "precision": 0.9795918367346939,
      "recall": 1.0,
      "f1": 0.9896907216494846,
      "f2": 0.995850622406639
    },
    "HOME_PHONE": {
      "precision": 1.0,
      "recall": 1.0,
      "f1": 1.0,
      "f2": 1.0
    },
    "IHI": {
      "precision": 1.0,
      "recall": 1.0,
      "f1": 1.0,
      "f2": 1.0
    },
    "IP_ADDRESS": {
      "precision": 1.0,
      "recall": 0.9891304347826086,
      "f1": 0.994535519125683,
      "f2": 0.9912854030501089
    },
    "LAST_NAME": {
      "precision": 1.0,
      "recall": 1.0,
      "f1": 1.0,
      "f2": 1.0
    },
    "LATITUDE": {
      "precision": 0.6071428571428571,
      "recall": 0.4473684210526316,
      "f1": 0.5151515151515151,
      "f2": 0.47222222222222227
    },
    "LONGITUDE": {
      "precision": 0.8571428571428571,
      "recall": 0.1875,
      "f1": 0.30769230769230765,
      "f2": 0.22222222222222224
    },
    "MARITAL_STATUS": {
      "precision": 0.935064935064935,
      "recall": 0.9473684210526315,
      "f1": 0.9411764705882352,
      "f2": 0.9448818897637795
    },
    "MEDICAL_CERTIFICATE": {
      "precision": 0.9924812030075187,
      "recall": 1.0,
      "f1": 0.9962264150943396,
      "f2": 0.9984871406959153
    },
    "MEDICAL_INFORMATION": {
      "precision": 0.9626865671641791,
      "recall": 0.9624060150375939,
      "f1": 0.9625462706578448,
      "f2": 0.9624621123805083
    },
    "MEDICARE_EXPIRY": {
      "precision": 1.0,
      "recall": 1.0,
      "f1": 1.0,
      "f2": 1.0
    },
    "MEDICARE_NUMBER": {
      "precision": 1.0,
      "recall": 1.0,
      "f1": 1.0,
      "f2": 1.0
    },
    "MILITARY_VETERAN_STATUS": {
      "precision": 1.0,
      "recall": 1.0,
      "f1": 1.0,
      "f2": 1.0
    },
    "MOBILE": {
      "precision": 0.998062015503876,
      "recall": 1.0,
      "f1": 0.9990300678952473,
      "f2": 0.9996118012422361
    },
    "NATIONALITY": {
      "precision": 0.974025974025974,
      "recall": 0.872093023255814,
      "f1": 0.9202453987730062,
      "f2": 0.8907363420427554
    },
    "NATIONAL_IDENTITY_CARD": {
      "precision": 0.9770114942528736,
      "recall": 0.9883720930232558,
      "f1": 0.9826589595375722,
      "f2": 0.9860788863109048
    },
    "NEXT_OF_KIN": {
      "precision": 0.9827586206896551,
      "recall": 0.9824561403508771,
      "f1": 0.9826073572418038,
      "f2": 0.9825166215217926
    },
    "NUMBER_PLATE": {
      "precision": 0.845360824742268,
      "recall": 0.9764705882352941,
      "f1": 0.9061979894813926,
      "f2": 0.9470930394366981
    },
    "PASSPORT_EXPIRY": {
      "precision": 1.0,
      "recall": 1.0,
      "f1": 1.0,
      "f2": 1.0
    },
    "PASSPORT_NUMBER": {
      "precision": 1.0,
      "recall": 1.0,
      "f1": 1.0,
      "f2": 1.0
    },
    "PASSPORT_START_DATE": {
      "precision": 1.0,
      "recall": 1.0,
      "f1": 1.0,
      "f2": 1.0
    },
    "PAYMENT_CARD_NUMBER": {
      "precision": 0.8109090909090909,
      "recall": 0.9730941704035875,
      "f1": 0.8846294468209572,
      "f2": 0.9356667478759896
    },
    "PENSION_CARD_NUMBER": {
      "precision": 1.0,
      "recall": 1.0,
      "f1": 1.0,
      "f2": 1.0
    },
    "PERSON": {
      "precision": 0.9884816753926702,
      "recall": 0.9978858350951374,
      "f1": 0.9931614939505523,
      "f2": 0.9959907153407892
    },
    "PERSONAL_DEBT": {
      "precision": 0.9868421052631579,
      "recall": 1.0,
      "f1": 0.9933774834437086,